City_ID,City,Country,Date,Lat,Lng,Max Temp,Humidity,Cloudiness,Wind Speed
0,Ushuaia,AR,2020-04-15 06:18:11,-54.8,-68.3,42.8,100,75,8.05
1,Semnan,IR,2020-04-15 06:25:41,35.57,53.4,54.68,38,10,3.83
2,Sampit,ID,2020-04-15 06:25:41,-2.53,112.95,91.15,59,29,1.05
3,Russell,US,2020-04-15 06:25:42,32.35,-85.2,55.4,66,1,9.17
4,Vostok,RU,2020-04-15 06:18:45,46.49,135.88,44.13,40,52,9.44
5,Butaritari,KI,2020-04-15 06:15:11,3.07,172.79,83.55,80,45,15.1
6,Esil,KZ,2020-04-15 06:25:42,51.96,66.4,47.73,46,0,19.39
7,Hobart,AU,2020-04-15 06:18:11,-42.88,147.33,61.0,87,90,9.17
8,Raudeberg,NO,2020-04-15 06:18:35,61.99,5.14,45.0,93,75,12.75
9,Coihaique,CL,2020-04-15 06:18:25,-45.58,-72.07,48.2,87,90,2.33
10,Trincomalee,LK,2020-04-15 06:25:42,8.57,81.23,90.45,54,7,5.41
11,Carnarvon,AU,2020-04-15 06:18:14,-24.87,113.63,84.2,45,48,21.92
12,Saint-Philippe,RE,2020-04-15 06:18:19,-21.36,55.77,82.4,69,10,27.51
13,Hilo,US,2020-04-15 06:17:32,19.73,-155.09,75.2,78,90,3.36
14,Bambous Virieux,MU,2020-04-15 06:18:20,-20.34,57.76,80.6,83,75,17.22
15,Mandalgovi,MN,2020-04-15 06:18:51,45.76,106.27,40.8,36,71,33.35
16,Yellowknife,CA,2020-04-15 06:14:11,62.46,-114.35,23.0,73,40,9.17
17,Kapaa,US,2020-04-15 06:18:22,22.08,-159.32,75.2,88,90,6.93
18,Talavera,PH,2020-04-15 06:25:42,15.62,120.93,91.4,52,75,6.93
19,Hermanus,ZA,2020-04-15 06:18:13,-34.42,19.23,59.0,97,93,5.01
20,Norman Wells,CA,2020-04-15 06:18:30,65.28,-126.83,30.2,74,20,3.36
21,Bluff,NZ,2020-04-15 06:18:16,-46.6,168.33,48.99,86,100,5.01
22,Avarua,CK,2020-04-15 06:16:13,-21.21,-159.78,75.2,78,86,3.36
23,Richmond,US,2020-04-15 06:21:42,37.55,-77.46,45.0,87,90,18.34
24,Cockburn Town,TC,2020-04-15 06:18:40,21.46,-71.14,78.39,82,1,17.9
25,Punta Arenas,CL,2020-04-15 06:18:11,-53.15,-70.92,46.4,87,40,9.17
26,Barhi,IN,2020-04-15 06:25:43,23.9,80.8,103.51,12,0,6.78
27,Qaanaaq,GL,2020-04-15 06:18:20,77.48,-69.36,11.43,92,100,2.8
28,Marsh Harbour,BS,2020-04-15 06:25:43,26.54,-77.06,75.63,85,74,16.75
29,Shizunai,JP,2020-04-15 06:25:43,42.33,142.37,42.8,66,74,3.6
30,Albany,US,2020-04-15 06:18:14,42.6,-73.97,42.8,38,90,4.7
31,Jamestown,US,2020-04-15 06:18:24,42.1,-79.24,30.99,86,40,4.0
32,Arlit,NE,2020-04-15 06:25:43,18.74,7.39,82.27,12,0,6.67
33,Acapulco,MX,2020-04-15 06:24:32,16.86,-99.89,75.2,94,5,3.36
34,Ambon,ID,2020-04-15 06:25:43,-3.7,128.18,86.0,74,40,10.29
35,Vaini,TO,2020-04-15 06:18:13,-21.2,-175.2,77.0,83,20,3.36
36,Georgetown,MY,2020-04-15 06:18:20,5.41,100.34,91.4,63,40,6.93
37,Rikitea,PF,2020-04-15 06:18:14,-23.12,-134.97,75.96,65,34,4.68
38,Talnakh,RU,2020-04-15 06:18:16,69.49,88.4,5.0,77,1,13.42
39,Muros,ES,2020-04-15 06:25:43,42.78,-9.06,57.0,81,20,8.05
40,Horta,PT,2020-04-15 06:25:43,38.53,-28.63,54.95,71,79,22.37
41,Kenai,US,2020-04-15 06:25:43,60.55,-151.26,39.99,64,90,4.7
42,Cidreira,BR,2020-04-15 06:18:37,-30.18,-50.21,60.44,67,33,21.3
43,Krasnoselkup,RU,2020-04-15 06:25:43,65.7,82.47,27.95,93,76,11.1
44,Roebourne,AU,2020-04-15 06:18:29,-20.78,117.13,94.24,35,46,6.62
45,Muncar,ID,2020-04-15 06:18:37,-8.43,114.33,85.6,70,64,5.57
46,Bandarbeyla,SO,2020-04-15 06:18:38,9.49,50.81,83.82,65,80,1.59
47,Corning,US,2020-04-15 06:25:44,42.14,-77.05,36.0,74,90,8.05
48,New Norfolk,AU,2020-04-15 06:18:16,-42.78,147.06,61.0,87,90,9.17
49,Saskylakh,RU,2020-04-15 06:18:28,71.92,114.08,1.27,91,99,10.56
50,Kamuli,UG,2020-04-15 06:25:44,0.95,33.12,71.37,64,64,3.33
51,Sorbhog,IN,2020-04-15 06:25:44,26.5,90.87,99.86,24,0,8.48
52,Kloulklubed,PW,2020-04-15 06:18:41,7.04,134.26,86.0,74,75,9.17
53,Puerto Ayora,EC,2020-04-15 06:18:11,-0.74,-90.35,78.01,91,98,5.01
54,Lawrenceburg,US,2020-04-15 06:25:44,38.04,-84.9,32.0,68,1,3.13
55,Dingle,PH,2020-04-15 06:18:44,11.0,122.67,90.25,49,23,10.74
56,Nome,US,2020-04-15 06:25:44,64.5,-165.41,32.0,96,90,9.17
57,Cape Town,ZA,2020-04-15 06:13:31,-33.93,18.42,57.99,93,100,2.24
58,Saint-Pierre,RE,2020-04-15 06:24:00,-21.34,55.48,82.4,69,9,27.51
59,Meulaboh,ID,2020-04-15 06:18:32,4.14,96.13,87.98,59,49,2.64
60,Iqaluit,CA,2020-04-15 06:18:20,63.75,-68.51,19.4,62,75,19.46
61,Clyde River,CA,2020-04-15 06:18:17,70.47,-68.59,-7.6,91,1,4.7
62,Dikson,RU,2020-04-15 06:18:22,73.51,80.55,12.09,91,40,8.93
63,Silivri,TR,2020-04-15 06:25:44,41.08,28.23,50.0,87,75,27.51
64,Nanortalik,GL,2020-04-15 06:18:12,60.14,-45.24,30.16,95,99,13.65
65,Manokwari,ID,2020-04-15 06:25:44,-0.87,134.08,83.95,68,88,3.06
66,Carai,BR,2020-04-15 06:25:44,-17.19,-41.69,63.59,80,74,1.61
67,Erzin,TR,2020-04-15 06:25:44,36.96,36.2,64.99,72,45,2.24
68,Chokurdakh,RU,2020-04-15 06:18:34,70.63,147.92,-1.16,90,1,8.81
69,Ubeda,ES,2020-04-15 06:25:44,38.01,-3.37,51.01,99,67,10.0
70,Luderitz,NA,2020-04-15 06:25:45,-26.65,15.16,59.0,67,3,10.29
71,Castro,BR,2020-04-15 06:18:11,-24.79,-50.01,48.81,68,0,2.06
72,Ribeira Grande,PT,2020-04-15 06:18:15,38.52,-28.7,55.22,71,76,23.11
73,Yorosso,ML,2020-04-15 06:25:45,12.35,-4.78,79.56,43,95,15.9
74,Busselton,AU,2020-04-15 06:18:14,-33.65,115.33,73.0,31,36,14.97
75,Rameswaram,IN,2020-04-15 06:23:55,9.28,79.3,84.2,70,17,7.45
76,Hasaki,JP,2020-04-15 06:18:27,35.73,140.83,68.0,52,75,12.75
77,Salalah,OM,2020-04-15 06:18:37,17.02,54.09,86.0,66,75,9.17
78,East London,ZA,2020-04-15 06:14:10,-33.02,27.91,60.8,100,75,4.7
79,Pisco,PE,2020-04-15 06:18:15,-13.7,-76.22,68.0,82,40,3.36
80,Kruisfontein,ZA,2020-04-15 06:18:29,-34.0,24.73,59.11,73,0,3.98
81,Myra,IT,2020-04-15 06:25:45,45.44,12.13,50.0,52,75,9.17
82,Faanui,PF,2020-04-15 06:18:14,-16.48,-151.75,83.21,66,17,6.98
83,Progreso,MX,2020-04-15 06:25:45,21.28,-89.67,80.6,61,40,5.82
84,Lasa,IT,2020-04-15 06:25:45,46.62,10.7,41.0,79,5,3.36
85,Ilulissat,GL,2020-04-15 06:18:24,69.22,-51.1,21.2,67,93,11.41
86,Arraial Do Cabo,BR,2020-04-15 06:18:12,-22.97,-42.03,75.15,83,93,18.54
87,Uva,RU,2020-04-15 06:25:45,56.99,52.19,40.64,85,100,8.63
88,Sao Felix Do Xingu,BR,2020-04-15 06:25:45,-6.64,-51.99,69.17,92,100,1.92
89,Nirasaki,JP,2020-04-15 06:25:45,35.7,138.45,66.99,39,88,7.0
90,Ostroleka,PL,2020-04-15 06:25:45,53.09,21.58,42.01,74,90,10.29
91,Tuktoyaktuk,CA,2020-04-15 06:18:11,69.45,-133.04,21.2,92,75,5.82
92,Ponta Do Sol,PT,2020-04-15 06:18:13,32.67,-17.1,57.99,67,20,6.93
93,Mataura,NZ,2020-04-15 06:18:13,-46.19,168.86,48.99,86,100,5.01
94,Port Hardy,CA,2020-04-15 06:18:22,50.7,-127.42,50.0,81,75,10.29
95,Cabedelo,BR,2020-04-15 06:25:45,-6.98,-34.83,75.2,94,20,2.24
96,Salta,AR,2020-04-15 06:25:45,-24.79,-65.41,50.0,93,63,3.36
97,Saint George,US,2020-04-15 06:13:53,37.1,-113.58,51.8,27,1,3.36
98,Tiksi,RU,2020-04-15 06:18:26,71.69,128.87,6.22,93,100,14.09
99,Durusu,TR,2020-04-15 06:25:46,41.31,28.68,50.0,93,75,23.04
100,Ixtapa,MX,2020-04-15 06:25:46,20.7,-105.2,66.2,82,5,3.09
101,Port Alfred,ZA,2020-04-15 06:18:13,-33.59,26.89,62.01,97,52,1.01
102,Bredasdorp,ZA,2020-04-15 06:18:16,-34.53,20.04,55.4,93,90,5.82
103,Fortuna,US,2020-04-15 06:18:15,40.6,-124.16,52.0,75,1,3.36
104,Nara,JP,2020-04-15 06:25:46,34.69,135.8,69.01,24,95,9.17
105,Mahebourg,MU,2020-04-15 06:18:12,-20.41,57.7,80.6,83,75,17.22
106,Yongan,CN,2020-04-15 06:25:46,39.7,113.69,67.37,16,100,9.15
107,Port Hedland,AU,2020-04-15 06:18:37,-20.32,118.57,96.8,39,83,13.87
108,Coahuayana,MX,2020-04-15 06:18:29,18.73,-103.68,70.52,68,77,2.35
109,Korla,CN,2020-04-15 06:18:22,41.76,86.15,75.49,14,89,11.95
110,Plettenberg Bay,ZA,2020-04-15 06:25:46,-34.05,23.37,61.47,65,0,3.2
111,Rocha,UY,2020-04-15 06:25:46,-34.48,-54.33,58.95,89,100,24.94
112,Sterling,US,2020-04-15 06:18:30,39.01,-77.43,39.2,86,90,8.05
113,Ylivieska,FI,2020-04-15 06:25:46,64.08,24.55,32.0,88,100,5.99
114,Barrow,US,2020-04-15 06:15:13,71.29,-156.79,10.4,92,90,17.22
115,Lavrentiya,RU,2020-04-15 06:18:36,65.58,-171.0,29.03,98,99,7.87
116,Norsup,VU,2020-04-15 06:25:46,-16.07,167.38,82.4,78,75,10.29
117,Chicama,PE,2020-04-15 06:25:46,-7.84,-79.15,73.94,71,14,4.63
118,Mecca,SA,2020-04-15 06:21:01,21.43,39.83,78.6,15,0,8.77
119,Mount Gambier,AU,2020-04-15 06:18:23,-37.83,140.77,78.8,21,100,16.11
120,Adrar,MR,2020-04-15 06:18:26,20.5,-10.07,72.95,55,0,5.99
121,Kaputa,ZM,2020-04-15 06:25:47,-8.47,29.66,71.24,66,96,2.39
122,Esperance,AU,2020-04-15 06:18:31,-33.87,121.9,69.8,52,75,25.28
123,Namibe,AO,2020-04-15 06:18:37,-15.2,12.15,74.53,70,31,3.51
124,Upernavik,GL,2020-04-15 06:18:18,72.79,-56.15,18.93,92,97,5.06
125,Minna,NG,2020-04-15 06:22:04,9.61,6.56,82.4,74,22,6.93
126,Nakatsugawa,JP,2020-04-15 06:25:47,35.48,137.5,62.44,33,96,9.24
127,Sekoma,BW,2020-04-15 06:25:47,-24.4,23.88,59.85,22,1,4.68
128,Chuy,UY,2020-04-15 06:18:32,-33.7,-53.46,59.36,87,100,26.87
129,Jackson,US,2020-04-15 06:25:03,42.42,-122.83,55.4,37,1,5.82
130,Rudnogorsk,RU,2020-04-15 06:25:47,57.26,103.75,52.7,43,0,1.81
131,Mongo,TD,2020-04-15 06:25:47,12.18,18.69,83.26,11,56,12.44
132,Goure,NE,2020-04-15 06:25:47,13.98,10.27,76.3,15,9,8.77
133,Manesti,RO,2020-04-15 06:21:31,44.87,25.85,45.0,100,88,4.7
134,Simao,CN,2020-04-15 06:25:47,22.79,100.97,86.99,19,0,5.1
135,Nokaneng,BW,2020-04-15 06:25:47,-19.67,22.27,74.82,38,52,2.55
136,Sitka,US,2020-04-15 06:14:09,57.05,-135.33,44.6,93,90,1.05
137,Atar,MR,2020-04-15 06:18:20,20.52,-13.05,65.62,35,0,8.37
138,Shkoder,AL,2020-04-15 06:25:47,42.07,19.51,48.2,34,20,20.8
139,Kokopo,PG,2020-04-15 06:25:48,-4.35,152.26,82.8,75,65,4.0
140,Onguday,RU,2020-04-15 06:25:48,50.75,86.15,56.93,32,96,3.18
141,Narsaq,GL,2020-04-15 06:18:15,60.92,-46.05,26.6,79,98,1.12
142,Abu Dhabi,AE,2020-04-15 06:25:48,24.47,54.37,86.0,51,100,2.24
143,Champerico,GT,2020-04-15 06:25:48,14.3,-91.92,82.38,73,99,6.31
144,Kavieng,PG,2020-04-15 06:18:26,-2.57,150.8,83.57,73,61,5.26
145,Severo-Kurilsk,RU,2020-04-15 06:18:25,50.68,156.12,31.82,93,100,12.01
146,Macapa,BR,2020-04-15 06:25:48,0.04,-51.07,75.2,100,90,3.36
147,Balkhash,KZ,2020-04-15 06:25:48,46.84,74.98,53.6,30,2,15.66
148,Monte Carmelo,BR,2020-04-15 06:25:48,-18.72,-47.5,64.26,72,99,1.59
149,Oystese,NO,2020-04-15 06:25:48,60.39,6.19,45.0,100,90,11.41
150,Olinda,BR,2020-04-15 06:25:48,-8.01,-34.86,78.8,83,40,2.24
151,Victoria,HK,2020-04-15 06:15:24,22.29,114.16,78.01,44,20,8.05
152,Chernyshevskiy,RU,2020-04-15 06:18:43,63.01,112.47,31.37,83,99,7.85
153,Port Elizabeth,ZA,2020-04-15 06:18:20,-33.92,25.57,60.8,100,40,4.7
154,Provideniya,RU,2020-04-15 06:18:19,64.38,-173.3,32.0,97,90,4.47
155,Vardo,NO,2020-04-15 06:18:26,70.37,31.11,35.6,74,75,20.8
156,Mathbaria,BD,2020-04-15 06:25:48,22.29,89.96,96.62,34,3,12.46
157,Paldiski,EE,2020-04-15 06:25:48,59.36,24.05,34.0,96,90,8.05
158,Lebu,CL,2020-04-15 06:18:18,-37.62,-73.65,52.48,74,100,3.11
159,Matadi,CD,2020-04-15 06:25:49,-5.82,13.45,77.58,88,91,0.67
160,Contamana,PE,2020-04-15 06:25:49,-7.33,-75.02,74.53,77,49,1.05
161,Jurm,AF,2020-04-15 06:18:44,36.86,70.83,47.07,41,100,5.1
162,Gawler,AU,2020-04-15 06:25:49,-34.6,138.73,84.0,15,100,18.34
163,Calabozo,VE,2020-04-15 06:25:49,8.92,-67.43,77.74,52,0,10.22
164,Leningradskiy,RU,2020-04-15 06:18:24,69.38,178.42,13.3,95,100,1.95
165,Tongliao,CN,2020-04-15 06:25:49,43.61,122.27,66.9,23,100,14.07
166,Palana,RU,2020-04-15 06:25:49,59.12,159.97,19.78,95,60,7.31
167,Shumerlya,RU,2020-04-15 06:25:49,55.5,46.41,49.98,52,53,12.35
168,Kikwit,CD,2020-04-15 06:25:49,-5.04,18.82,76.64,74,29,1.45
169,Codrington,AU,2020-04-15 06:18:51,-38.27,141.97,72.52,37,100,11.14
170,Lompoc,US,2020-04-15 06:18:23,34.64,-120.46,57.99,87,1,3.36
171,Touros,BR,2020-04-15 06:18:23,-5.2,-35.46,77.0,100,90,6.93
172,Ancud,CL,2020-04-15 06:18:23,-41.87,-73.82,50.0,100,90,14.99
173,Matay,EG,2020-04-15 06:25:49,28.42,30.78,67.77,37,0,9.28
174,Valparaiso,CL,2020-04-15 06:18:38,-33.04,-71.63,50.0,87,40,4.7
175,Longyearbyen,SJ,2020-04-15 06:18:15,78.22,15.64,33.8,69,75,39.15
176,Atuona,PF,2020-04-15 06:18:19,-9.8,-139.03,82.53,67,32,4.97
177,Mramor,BA,2020-04-15 06:25:49,44.59,18.56,33.8,100,75,2.24
178,Araouane,ML,2020-04-15 06:25:49,18.9,-3.53,76.95,45,100,17.72
179,Marienburg,PL,2020-04-15 06:25:49,54.04,19.03,44.01,93,75,19.46
180,Sioux Falls,US,2020-04-15 06:25:50,43.55,-96.7,23.0,85,75,1.72
181,Saint-Felicien,CA,2020-04-15 06:20:59,48.65,-72.45,30.0,50,40,11.41
182,Medina,SA,2020-04-15 06:25:01,24.47,39.61,73.4,20,0,3.36
183,Penalva,BR,2020-04-15 06:25:50,-3.29,-45.17,70.57,98,100,3.67
184,Imbituba,BR,2020-04-15 06:25:50,-28.24,-48.67,64.4,63,4,11.41
185,Kletskaya,RU,2020-04-15 06:25:50,49.31,43.06,53.01,55,100,3.0
186,Shepsi,RU,2020-04-15 06:25:50,44.04,39.15,59.59,49,100,7.72
187,Phan Thiet,VN,2020-04-15 06:23:27,10.93,108.1,89.62,52,14,14.56
188,Vao,NC,2020-04-15 06:18:27,-22.67,167.48,74.64,77,92,15.77
189,Hofn,IS,2020-04-15 06:18:42,64.25,-15.21,36.91,75,64,15.12
190,Mangan,IN,2020-04-15 06:25:50,27.52,88.53,85.12,20,10,7.05
191,Fairbanks,US,2020-04-15 06:13:28,64.84,-147.72,44.6,48,1,1.03
192,Deloraine,AU,2020-04-15 06:25:50,-41.53,146.67,61.0,82,40,5.82
193,Baykit,RU,2020-04-15 06:25:50,61.67,96.37,41.32,78,77,1.21
194,Karpathos,GR,2020-04-15 06:18:25,35.51,27.21,64.4,77,94,12.75
195,Shingu,JP,2020-04-15 06:25:50,33.73,135.98,66.2,37,99,6.93
196,Saint-Georges,GD,2020-04-15 06:25:50,12.06,-61.75,78.8,83,40,4.7
197,Lagunas,PE,2020-04-15 06:25:50,-5.23,-75.68,75.65,78,23,1.5
198,Beian,NO,2020-04-15 06:25:50,63.66,9.57,42.01,93,75,19.46
199,Mar Del Plata,AR,2020-04-15 06:18:19,-38.0,-57.56,60.01,77,40,16.11
200,Rurrenabaque,BO,2020-04-15 06:25:50,-14.44,-67.53,67.78,86,96,1.3
201,Caravelas,BR,2020-04-15 06:18:12,-17.71,-39.25,74.84,89,12,4.36
202,Kiama,AU,2020-04-15 06:18:24,-34.68,150.87,82.99,44,45,8.05
203,Shitanjing,CN,2020-04-15 06:25:51,39.23,106.34,63.0,24,99,1.99
204,Solotvyn,UA,2020-04-15 06:25:51,48.7,24.42,41.0,48,68,15.66
205,Bethel,US,2020-04-15 06:18:13,41.37,-73.41,50.0,56,90,6.93
206,Gizo,SB,2020-04-15 06:25:51,-8.1,156.84,84.07,78,93,8.68
207,Sabang,ID,2020-04-15 06:18:48,5.89,95.32,85.35,72,17,8.52
208,San Andres,CO,2020-04-15 06:25:51,12.58,-81.7,80.6,78,20,5.82
209,Terney,RU,2020-04-15 06:25:51,45.05,136.61,39.99,71,71,2.15
210,Torbay,CA,2020-04-15 06:18:25,47.67,-52.73,39.99,100,90,17.22
211,Saldanha,ZA,2020-04-15 06:18:18,-33.01,17.94,51.8,80,40,5.82
212,Los Llanos De Aridane,ES,2020-04-15 06:25:51,28.66,-17.92,64.4,68,20,6.93
213,Gien,FR,2020-04-15 06:25:51,47.69,2.63,39.0,69,0,3.0
214,Sumbe,AO,2020-04-15 06:25:51,-11.21,13.84,77.63,84,84,1.66
215,Tete,MZ,2020-04-15 06:25:51,-16.16,33.59,82.4,65,40,3.76
216,Port Hueneme,US,2020-04-15 06:25:51,34.15,-119.2,63.0,93,1,3.36
217,Dubrovka,RU,2020-04-15 06:21:04,53.69,33.51,33.8,74,75,13.42
218,Porto Novo,BJ,2020-04-15 06:25:51,6.5,2.6,81.54,81,67,7.54
219,Sioux Lookout,CA,2020-04-15 06:15:44,50.1,-91.92,15.8,66,40,3.36
220,Batemans Bay,AU,2020-04-15 06:18:43,-35.72,150.18,75.0,68,38,8.75
221,Sambava,MG,2020-04-15 06:18:39,-14.27,50.17,82.44,67,31,9.46
222,Port Macquarie,AU,2020-04-15 06:18:45,-31.43,152.92,78.01,61,26,10.22
223,Nobeoka,JP,2020-04-15 06:25:52,32.58,131.67,65.97,54,97,5.01
224,Churapcha,RU,2020-04-15 06:25:52,62.0,132.43,35.38,85,100,11.68
225,Aklavik,CA,2020-04-15 06:18:29,68.22,-135.01,33.8,69,75,4.7
226,Zelenoborsk,RU,2020-04-15 06:25:52,61.47,64.03,37.85,94,100,2.33
227,Tarrafal,CV,2020-04-15 06:25:52,15.28,-23.77,69.8,73,72,11.41
228,Cam Ranh,VN,2020-04-15 06:25:52,11.92,109.16,87.8,66,20,17.22
229,Sisimiut,GL,2020-04-15 06:25:52,66.94,-53.67,20.53,87,27,8.7
230,Yar-Sale,RU,2020-04-15 06:18:30,66.83,70.83,32.52,98,100,11.05
231,Tsaratanana,MG,2020-04-15 06:20:54,-16.78,47.65,78.66,55,16,13.47
232,Alakurtti,RU,2020-04-15 06:18:22,66.97,30.35,32.0,86,96,1.99
233,Cravo Norte,CO,2020-04-15 06:25:52,6.3,-70.2,81.97,44,1,2.24
234,Grindavik,IS,2020-04-15 06:18:45,63.84,-22.43,37.4,75,75,21.92
235,Tasiilaq,GL,2020-04-15 06:18:19,65.61,-37.64,26.6,68,2,2.24
236,Komarno,SK,2020-04-15 06:25:52,47.76,18.12,35.6,69,0,3.36
237,Mfou,CM,2020-04-15 06:25:52,3.72,11.64,71.44,78,100,1.99
238,Novikovo,RU,2020-04-15 06:25:52,51.15,37.89,38.43,72,100,12.3
239,Port Hawkesbury,CA,2020-04-15 06:25:53,45.62,-61.35,41.0,80,75,2.24
240,Pevek,RU,2020-04-15 06:18:21,69.7,170.31,9.41,93,36,1.77
241,Alihe,CN,2020-04-15 06:25:53,50.57,123.72,59.54,26,0,3.2
242,Gouyave,GD,2020-04-15 06:25:53,12.16,-61.73,78.8,83,40,4.7
243,Flinders,AU,2020-04-15 06:18:46,-34.58,150.86,82.99,44,41,8.05
244,Lagoa,PT,2020-04-15 06:18:26,39.05,-27.98,55.78,70,35,24.81
245,Hithadhoo,MV,2020-04-15 06:18:24,-0.6,73.08,84.97,65,34,1.86
246,Chalisgaon,IN,2020-04-15 06:25:53,20.47,75.02,103.5,11,0,14.81
247,Yumen,CN,2020-04-15 06:18:16,40.28,97.2,66.9,20,57,12.75
248,Concepcion Del Oro,MX,2020-04-15 06:25:53,24.63,-101.42,59.41,13,87,5.84
249,Dunedin,NZ,2020-04-15 06:18:23,-45.87,170.5,51.01,71,100,10.0
250,Tilichiki,RU,2020-04-15 06:25:53,60.47,166.1,23.97,96,100,6.8
251,Lumut,MY,2020-04-15 06:25:53,4.23,100.63,93.2,70,40,4.7
252,Axim,GH,2020-04-15 06:18:17,4.87,-2.24,80.89,84,56,5.08
253,Sombrerete,MX,2020-04-15 06:25:53,23.63,-103.65,50.86,14,63,8.63
254,Soe,ID,2020-04-15 06:18:48,-9.86,124.28,77.59,64,58,8.93
255,Palmer,US,2020-04-15 06:25:54,42.16,-72.33,48.2,36,90,3.36
256,Egvekinot,RU,2020-04-15 06:25:54,66.32,-179.17,19.69,94,100,9.91
257,Thompson,CA,2020-04-15 06:18:13,55.74,-97.86,6.8,60,5,5.82
258,Doba,TD,2020-04-15 06:25:54,8.65,16.85,85.51,38,41,2.51
259,Ahipara,NZ,2020-04-15 06:18:46,-35.17,173.17,60.89,72,83,12.77
260,Chapais,CA,2020-04-15 06:17:43,49.78,-74.85,17.6,67,90,5.82
261,Tairua,NZ,2020-04-15 06:25:54,-37.02,175.85,59.0,70,66,14.0
262,Guerrero Negro,MX,2020-04-15 06:25:54,27.98,-114.06,62.06,79,60,13.35
263,Ramshir,IR,2020-04-15 06:23:18,30.89,49.41,78.8,38,3,3.38
264,Leh,IN,2020-04-15 06:25:54,34.17,77.58,45.84,13,84,5.7
265,Zyryanka,RU,2020-04-15 06:18:38,65.75,150.85,16.52,92,27,9.86
266,Ostrovnoy,RU,2020-04-15 06:18:42,68.05,39.51,36.01,94,100,13.85
267,Birao,CF,2020-04-15 06:25:55,10.28,22.79,81.5,12,66,14.88
268,Valle De Juarez,MX,2020-04-15 06:25:55,19.93,-102.93,59.4,25,96,3.8
269,Tecoanapa,MX,2020-04-15 06:18:31,16.52,-98.75,76.62,75,86,3.58
270,Teknaf,BD,2020-04-15 06:25:55,20.86,92.31,92.05,42,0,7.47
271,Beboto,TD,2020-04-15 06:25:55,8.27,16.94,83.98,42,67,2.89
272,Constitucion,CL,2020-04-15 06:18:34,-35.33,-72.42,53.73,59,55,2.15
273,Kifri,IQ,2020-04-15 06:25:55,34.7,44.97,71.51,30,0,1.86
274,Alekseyevsk,RU,2020-04-15 06:25:55,57.84,108.35,53.31,50,2,1.32
275,Cayenne,GF,2020-04-15 06:18:11,4.93,-52.33,75.2,94,89,5.08
276,Matagami,CA,2020-04-15 06:18:21,49.75,-77.63,14.0,78,40,6.93
277,Rio Gallegos,AR,2020-04-15 06:25:30,-51.62,-69.22,35.6,80,53,3.36
278,Cabo San Lucas,MX,2020-04-15 06:18:11,22.89,-109.91,66.0,60,99,10.65
279,Srandakan,ID,2020-04-15 06:25:55,-7.94,110.25,86.4,66,29,5.66
280,Bengkulu,ID,2020-04-15 06:18:25,-3.8,102.27,83.84,75,94,2.82
281,Karratha,AU,2020-04-15 06:25:55,-20.74,116.85,92.68,39,31,7.56
282,Teguldet,RU,2020-04-15 06:25:55,57.31,88.17,56.66,61,32,4.27
283,Cherskiy,RU,2020-04-15 06:18:12,68.75,161.3,7.48,94,98,8.41
284,Atambua,ID,2020-04-15 06:25:55,-9.11,124.89,82.4,67,49,0.98
285,Tatarsk,RU,2020-04-15 06:25:55,55.22,75.98,47.95,54,27,11.56
286,Zhigansk,RU,2020-04-15 06:18:18,66.77,123.37,19.18,92,57,14.07
287,Tazovskiy,RU,2020-04-15 06:25:55,67.47,78.7,16.2,90,4,9.17
288,Ascension,US,2020-04-15 06:25:56,30.22,-90.9,60.01,66,1,11.41
289,Boa Vista,BR,2020-04-15 06:18:47,2.82,-60.67,80.6,65,95,6.93
290,Bilibino,RU,2020-04-15 06:18:31,68.05,166.44,16.88,89,85,0.65
291,Biltine,TD,2020-04-15 06:18:28,14.53,20.92,80.42,13,29,16.82
292,Kastamonu,TR,2020-04-15 06:20:59,41.5,33.67,44.6,81,75,9.17
293,Casablanca,MA,2020-04-15 06:23:10,33.59,-7.62,60.01,87,40,11.41
294,San Cristobal,VE,2020-04-15 06:18:19,7.77,-72.22,66.81,58,30,1.7
295,Tianpeng,CN,2020-04-15 06:25:56,30.99,103.94,82.99,43,40,6.71
296,Porbandar,IN,2020-04-15 06:25:56,21.64,69.61,90.28,39,27,14.27
297,Samana,DO,2020-04-15 06:21:15,19.21,-69.34,75.36,87,11,9.51
298,Nikolskoye,RU,2020-04-15 06:18:20,59.7,30.79,37.0,93,75,4.47
299,Yatou,CN,2020-04-15 06:25:56,37.15,122.38,56.55,61,54,11.36
300,Odate,JP,2020-04-15 06:25:56,40.27,140.57,48.2,87,75,9.17
301,La Rioja,ES,2020-04-15 06:25:56,42.25,-2.5,51.8,81,90,9.17
302,Brigham City,US,2020-04-15 06:23:21,41.51,-112.02,48.2,21,90,10.29
303,Yeppoon,AU,2020-04-15 06:25:32,-23.13,150.73,82.4,34,9,13.87
304,Mayskiy,RU,2020-04-15 06:25:56,47.69,40.1,55.4,58,40,20.13
305,Eureka,US,2020-04-15 06:13:48,40.8,-124.16,51.01,75,1,3.36
306,Haines Junction,CA,2020-04-15 06:25:56,60.75,-137.51,33.24,70,85,4.34
307,Wenzhou,CN,2020-04-15 06:25:57,28.0,120.67,72.28,41,21,4.83
308,Barra Do Garcas,BR,2020-04-15 06:25:57,-15.89,-52.26,72.37,83,98,1.9
309,Pabianice,PL,2020-04-15 06:25:57,51.66,19.35,39.99,55,68,16.11
310,Portadown,GB,2020-04-15 06:25:57,54.42,-6.44,37.99,100,31,2.24
311,Srednekolymsk,RU,2020-04-15 06:18:51,67.45,153.68,8.73,92,48,9.98
312,Careiro Da Varzea,BR,2020-04-15 06:25:57,-3.2,-59.81,75.2,94,20,6.93
313,Mutis,CO,2020-04-15 06:25:57,6.23,-77.4,78.17,80,99,3.78
314,Sorland,NO,2020-04-15 06:25:57,67.67,12.69,37.4,75,40,12.75
315,Muyezerskiy,RU,2020-04-15 06:25:57,63.93,31.65,33.75,81,20,4.92
316,Khatanga,RU,2020-04-15 06:18:27,71.97,102.5,7.11,90,69,3.33
317,Smithers,CA,2020-04-15 06:25:57,54.78,-127.17,37.4,66,1,5.82
318,Fort Nelson,CA,2020-04-15 06:25:57,58.81,-122.7,39.2,79,90,3.36
319,Avera,US,2020-04-15 06:18:22,33.19,-82.53,64.4,59,1,5.82
320,Ankazoabo,MG,2020-04-15 06:18:48,-22.28,44.52,81.16,41,61,7.4
321,Pag,HR,2020-04-15 06:25:57,44.45,15.06,48.2,36,0,10.29
322,Havelock,US,2020-04-15 06:23:43,34.88,-76.9,68.0,82,90,4.7
323,Ternate,ID,2020-04-15 06:18:40,0.8,127.4,84.92,70,82,4.85
324,Sur,OM,2020-04-15 06:25:57,22.57,59.53,90.59,29,53,4.9
325,Keti Bandar,PK,2020-04-15 06:18:47,24.14,67.45,87.1,54,17,16.04
326,Kursenai,LT,2020-04-15 06:25:57,55.98,22.92,35.6,93,90,14.99
327,Noumea,NC,2020-04-15 06:14:05,-22.28,166.46,77.0,69,89,11.41
328,Pili,PH,2020-04-15 06:25:58,13.58,123.3,84.04,70,40,2.62
329,Buala,SB,2020-04-15 06:25:58,-8.14,159.59,85.66,71,80,7.38
330,Gat,IL,2020-04-15 06:25:01,31.61,34.76,68.0,77,2,4.7
331,Biak,ID,2020-04-15 06:25:58,-0.91,122.88,84.27,68,76,7.9
332,Nelson Bay,AU,2020-04-15 06:18:38,-32.72,152.15,78.8,54,41,9.17
333,Qaqortoq,GL,2020-04-15 06:18:20,60.72,-46.03,26.6,79,99,1.12
334,Bozova,TR,2020-04-15 06:25:58,37.36,38.53,60.8,38,3,8.05
335,Nouadhibou,MR,2020-04-15 06:17:38,20.93,-17.03,62.6,88,0,10.29
336,Hobyo,SO,2020-04-15 06:18:29,5.35,48.53,87.31,62,46,9.91
337,Celestun,MX,2020-04-15 06:25:58,20.87,-90.4,78.53,86,35,8.61
338,Tual,ID,2020-04-15 06:25:58,-5.67,132.75,83.61,71,90,2.73
339,Hohhot,CN,2020-04-15 06:25:58,40.81,111.65,59.0,19,40,15.66
340,Deputatskiy,RU,2020-04-15 06:18:50,69.3,139.9,1.6,88,100,4.43
341,Severnoye,RU,2020-04-15 06:25:58,56.35,78.36,40.24,86,100,6.35
342,Geraldton,AU,2020-04-15 06:18:27,-28.77,114.6,75.2,44,38,19.46
343,Asau,RO,2020-04-15 06:18:22,46.43,26.4,43.0,65,29,8.05
344,Selma,US,2020-04-15 06:25:42,36.57,-119.61,64.4,93,0,4.72
345,Camacha,PT,2020-04-15 06:18:43,33.08,-16.33,60.8,67,40,13.87
346,Emerald,AU,2020-04-15 06:25:58,-23.53,148.17,86.0,40,40,10.29
347,Iwanai,JP,2020-04-15 06:25:58,42.97,140.51,43.25,62,70,9.31
348,Sal Rei,CV,2020-04-15 06:25:59,16.18,-22.92,69.8,73,40,9.17
349,Itaguai,BR,2020-04-15 06:24:21,-22.85,-43.78,77.0,83,75,6.93
350,Shache,CN,2020-04-15 06:25:59,38.42,77.24,76.37,12,91,16.4
351,Mindyak,RU,2020-04-15 06:25:59,54.02,58.79,50.0,39,40,11.18
352,Diego De Almagro,CL,2020-04-15 06:25:59,-26.37,-70.05,49.24,58,0,1.16
353,Jimma,ET,2020-04-15 06:25:59,7.67,36.83,67.66,47,99,1.03
354,Doha,QA,2020-04-15 06:22:41,25.29,51.53,66.2,93,90,10.29
355,Mawlaik,MM,2020-04-15 06:25:59,23.63,94.42,110.64,13,0,2.53
356,Redmond,US,2020-04-15 06:25:59,47.67,-122.12,55.0,71,90,4.7
357,Esna,EG,2020-04-15 06:25:59,25.29,32.55,66.2,42,0,4.7
358,Agadez,NE,2020-04-15 06:18:33,19.75,10.25,80.64,13,0,8.97
359,Sovetskaya Gavan,RU,2020-04-15 06:25:59,48.97,140.29,32.65,90,59,16.53
360,San-Pedro,CI,2020-04-15 06:25:59,4.75,-6.64,79.18,85,85,4.23
361,Sinnar,SD,2020-04-15 06:26:00,13.57,33.57,82.27,12,61,19.39
362,Tautira,PF,2020-04-15 06:18:44,-17.73,-149.15,82.4,78,40,4.7
363,Broken Hill,AU,2020-04-15 06:26:00,-31.95,141.43,86.0,25,30,17.22
364,Alberdi,AR,2020-04-15 06:26:00,-32.89,-60.69,53.01,93,12,2.24
365,Brae,GB,2020-04-15 06:18:17,60.4,-1.35,46.4,81,99,28.86
366,Farafangana,MG,2020-04-15 06:26:00,-22.82,47.83,78.17,81,11,0.78
367,Wadena,US,2020-04-15 06:26:00,46.44,-95.14,19.0,78,1,4.7
368,Mogadishu,SO,2020-04-15 06:26:00,2.04,45.34,87.8,66,75,5.82
369,Tuatapere,NZ,2020-04-15 06:18:25,-46.13,167.68,48.99,86,100,5.01
370,Hajnowka,PL,2020-04-15 06:26:00,52.74,23.58,39.0,63,58,3.0
371,Panjakent,TJ,2020-04-15 06:26:01,39.5,67.61,51.8,53,75,16.11
372,Neuquen,AR,2020-04-15 06:21:20,-38.95,-68.06,55.4,82,93,7.96
373,Bermejo,AR,2020-04-15 06:26:01,-32.88,-68.8,55.4,76,2,4.7
374,Sumenep,ID,2020-04-15 06:26:01,-7.02,113.87,86.29,68,14,5.37
375,Kiruna,SE,2020-04-15 06:26:01,67.86,20.23,28.4,86,100,5.82
376,Kapit,MY,2020-04-15 06:18:39,2.02,112.93,94.69,48,33,1.01
377,Kozulka,UA,2020-04-15 06:26:01,50.04,23.8,37.4,64,15,11.18
378,Mackenzie,CA,2020-04-15 06:26:01,55.3,-123.17,42.8,52,90,4.7
379,Ambovombe,MG,2020-04-15 06:18:36,-25.17,46.08,79.74,60,0,9.73
380,Yuancheng,CN,2020-04-15 06:26:01,36.65,107.79,72.41,12,100,8.43
381,Valle Hermoso,MX,2020-04-15 06:26:01,25.67,-97.83,69.8,56,90,8.05
382,Nha Trang,VN,2020-04-15 06:26:01,12.25,109.18,87.8,66,20,17.22
383,Stromness,GB,2020-04-15 06:18:46,58.97,-3.3,46.99,81,99,27.51
384,Cervo,ES,2020-04-15 06:26:02,43.67,-7.41,51.01,1,96,4.81
385,Asyut,EG,2020-04-15 06:25:16,27.18,31.18,59.0,58,0,6.93
386,Jiangyou,CN,2020-04-15 06:26:02,31.77,104.72,76.19,35,53,6.02
387,Mount Holly,US,2020-04-15 06:26:02,35.3,-81.02,57.0,54,75,8.05
388,Riverton,US,2020-04-15 06:26:02,40.52,-111.94,48.2,39,90,11.41
389,Vossevangen,NO,2020-04-15 06:26:02,60.62,6.42,44.01,96,100,1.99
390,Hurghada,EG,2020-04-15 06:26:02,27.26,33.81,69.8,32,0,6.93
391,Vilyuysk,RU,2020-04-15 06:26:02,63.76,121.62,26.71,85,12,8.55
392,Kaitangata,NZ,2020-04-15 06:18:26,-46.28,169.85,50.0,75,100,7.0
393,Alghero,IT,2020-04-15 06:18:47,40.56,8.32,53.6,87,2,5.82
394,Sibu,MY,2020-04-15 06:26:03,2.3,111.82,91.0,66,75,5.82
395,Kyaikkami,MM,2020-04-15 06:26:03,16.08,97.57,87.12,58,22,10.27
396,Kalga,RU,2020-04-15 06:26:03,50.93,118.9,53.73,27,93,10.65
397,Sieradz,PL,2020-04-15 06:22:34,51.6,18.73,39.99,55,79,16.11
398,Zhangjiakou,CN,2020-04-15 06:26:03,40.81,114.88,66.99,19,99,4.52
399,Burnie,AU,2020-04-15 06:26:03,-41.07,145.92,60.01,89,100,5.99
400,Cedar City,US,2020-04-15 06:26:03,37.68,-113.06,35.6,34,1,6.93
401,Etne,NO,2020-04-15 06:26:03,59.66,5.93,45.0,100,75,11.41
402,Boddam,GB,2020-04-15 06:26:03,57.47,-1.78,45.0,74,39,1.12
403,Burgeo,CA,2020-04-15 06:26:03,47.62,-57.62,35.1,84,65,11.97
404,Lorengau,PG,2020-04-15 06:18:32,-2.02,147.27,84.38,68,45,3.78
405,Parana,AR,2020-04-15 06:26:03,-31.73,-60.52,55.0,78,0,1.99
406,Namtsy,RU,2020-04-15 06:26:03,62.72,129.67,46.4,42,40,15.66
407,Vanimo,PG,2020-04-15 06:26:04,-2.67,141.3,84.04,75,80,6.49
408,Acari,PE,2020-04-15 06:26:04,-15.43,-74.62,70.07,70,59,2.89
409,Kodiak,US,2020-04-15 06:18:25,57.79,-152.41,42.8,87,90,8.05
410,Novoagansk,RU,2020-04-15 06:21:07,61.94,76.66,37.81,92,100,12.33
411,Mango,US,2020-04-15 06:26:04,27.98,-82.31,80.6,100,90,3.36
412,Zambezi,ZM,2020-04-15 06:18:36,-13.54,23.1,68.4,62,78,3.02
413,Nanakuli,US,2020-04-15 06:26:04,21.39,-158.15,78.8,88,1,6.93
414,Komsomolskiy,UZ,2020-04-15 06:18:07,40.43,71.72,53.6,81,75,9.17
415,Kyra,RU,2020-04-15 06:26:04,49.58,111.98,51.75,28,100,22.17
416,Inirida,CO,2020-04-15 06:26:04,3.87,-67.92,74.05,92,96,2.01
417,Ajdabiya,LY,2020-04-15 06:26:04,30.76,20.23,75.15,24,99,7.58
418,Naze,JP,2020-04-15 06:26:05,28.37,129.48,68.0,60,75,12.75
419,Portland,US,2020-04-15 06:14:13,45.52,-122.68,52.0,71,20,5.82
420,Sao Joao Da Barra,BR,2020-04-15 06:18:23,-21.64,-41.05,74.01,85,53,12.64
421,Colombia,CU,2020-04-15 06:26:05,20.99,-77.43,73.78,90,18,6.35
422,Nuuk,GL,2020-04-15 06:18:51,64.18,-51.72,28.4,68,97,16.11
423,Rio Grande,BR,2020-04-15 06:24:36,-32.03,-52.1,57.99,71,60,5.01
424,Pimenta Bueno,BR,2020-04-15 06:26:05,-11.67,-61.19,71.62,91,99,1.45
425,Swan Hill,AU,2020-04-15 06:26:05,-35.34,143.55,79.92,26,97,14.23
426,Karacakoy,TR,2020-04-15 06:26:05,41.4,28.38,50.0,93,75,23.04
427,Dhandhuka,IN,2020-04-15 06:21:33,22.37,71.98,101.98,17,37,13.94
428,Yulara,AU,2020-04-15 06:18:44,-25.24,130.99,95.0,8,9,5.82
429,Manuk Mangkaw,PH,2020-04-15 06:26:05,4.8,119.85,83.79,64,47,5.23
430,Vawkavysk,BY,2020-04-15 06:26:05,53.16,24.45,33.8,80,90,15.66
431,San Carlos,VE,2020-04-15 06:26:06,9.66,-68.58,74.08,63,2,5.57
432,Airai,TL,2020-04-15 06:18:28,-8.93,125.41,68.67,67,85,3.09
433,Wichita Falls,US,2020-04-15 06:26:06,33.91,-98.49,37.4,77,1,4.59
434,Agua Prieta,MX,2020-04-15 06:26:06,31.3,-109.57,54.0,34,1,11.41
435,Sedhiou,SN,2020-04-15 06:26:06,12.71,-15.56,72.01,35,93,4.23
436,Fuerte Olimpo,PY,2020-04-15 06:26:06,-21.04,-57.87,58.46,60,0,5.82
437,Suntar,RU,2020-04-15 06:26:06,62.14,117.63,35.38,80,99,5.59
438,Mercedes,AR,2020-04-15 06:18:26,-34.65,-59.43,50.0,90,0,6.71
439,Guozhen,CN,2020-04-15 06:26:07,34.37,107.36,86.31,16,67,5.32
440,Baoro,CF,2020-04-15 06:26:07,5.67,15.97,74.07,63,88,1.54
441,Dakar,SN,2020-04-15 06:26:07,14.69,-17.44,68.0,94,97,2.24
442,Tateyama,JP,2020-04-15 06:26:07,34.98,139.87,68.0,56,75,13.87
443,Santa Lucia,ES,2020-04-15 06:26:07,27.91,-15.54,64.4,72,75,4.7
444,Cardoso,BR,2020-04-15 06:26:07,-20.08,-49.91,68.59,82,53,3.96
445,Hami,CN,2020-04-15 06:18:14,42.8,93.45,76.35,18,48,4.38
446,Feijo,BR,2020-04-15 06:26:07,-8.16,-70.35,73.33,86,35,1.57
447,Coquimbo,CL,2020-04-15 06:18:33,-29.95,-71.34,59.0,82,1,4.7
448,Suamico,US,2020-04-15 06:26:07,44.63,-88.04,26.6,58,1,4.7
449,Porto Franco,BR,2020-04-15 06:26:07,-6.34,-47.4,70.72,91,100,2.91
450,Pontalina,BR,2020-04-15 06:26:08,-17.52,-49.45,68.27,76,98,2.39
451,Kargasok,RU,2020-04-15 06:18:43,59.06,80.86,38.17,93,100,9.55
452,Muri,IN,2020-04-15 06:26:08,23.37,85.87,100.4,32,40,4.7
453,Presidencia Roque Saenz Pena,AR,2020-04-15 06:23:22,-26.79,-60.44,52.11,58,11,1.21
454,Camana,PE,2020-04-15 06:26:08,-16.62,-72.71,70.34,76,11,5.26
455,Kargil,IN,2020-04-15 06:26:08,34.57,76.1,41.16,24,97,3.27
456,Padang,ID,2020-04-15 06:18:11,-0.95,100.35,87.13,66,76,4.68
457,Barra Patuca,HN,2020-04-15 06:26:08,15.8,-84.28,78.55,81,2,14.32
458,Mezen,RU,2020-04-15 06:26:08,65.85,44.24,37.9,83,100,13.2
459,Bjornevatn,NO,2020-04-15 06:26:08,69.67,29.98,35.6,74,20,28.86
460,Salisbury,GB,2020-04-15 06:26:08,51.07,-1.8,41.0,83,20,5.82
461,Sibolga,ID,2020-04-15 06:26:08,1.74,98.78,85.95,71,77,3.78
462,Katsuura,JP,2020-04-15 06:18:37,35.13,140.3,66.99,45,75,18.34
463,Yining,CN,2020-04-15 06:26:08,29.04,114.56,80.53,35,0,4.88
464,Marawi,PH,2020-04-15 06:18:48,8.0,124.29,81.7,55,72,4.12
465,Vanavara,RU,2020-04-15 06:18:44,60.34,102.28,50.65,56,0,3.6
466,Ostersund,SE,2020-04-15 06:18:47,63.18,14.64,36.0,86,40,13.87
467,Santa Cruz,BO,2020-04-15 06:25:31,-17.8,-63.17,71.6,49,40,13.87
468,Gladstone,AU,2020-04-15 06:26:09,-23.85,151.25,82.4,48,31,17.22
469,Port-Gentil,GA,2020-04-15 06:14:06,-0.72,8.78,81.84,81,99,5.55
470,Ulladulla,AU,2020-04-15 06:26:09,-35.35,150.47,79.0,47,49,3.36
471,Vysokogornyy,RU,2020-04-15 06:26:09,50.12,139.15,33.67,69,97,5.86
472,Smolenka,RU,2020-04-15 06:26:09,52.14,113.5,55.4,15,100,8.95
473,Vila Franca Do Campo,PT,2020-04-15 06:18:23,37.72,-25.43,51.8,81,75,12.75
474,Makakilo City,US,2020-04-15 06:18:34,21.35,-158.09,78.8,88,1,3.36
475,Arnedo,ES,2020-04-15 06:26:09,42.22,-2.1,51.8,81,85,9.17
476,Leczyca,PL,2020-04-15 06:26:09,52.06,19.2,39.99,55,75,16.11
477,Santa Maria,BR,2020-04-15 06:18:23,-29.68,-53.81,47.55,66,0,4.68
478,San Jose De Ocoa,DO,2020-04-15 06:26:09,18.55,-70.5,78.01,1,48,5.01
479,Souillac,MU,2020-04-15 06:18:20,-20.52,57.52,80.6,83,75,17.22
480,Tigre,AR,2020-04-15 06:26:09,-34.43,-58.58,53.6,81,0,6.93
481,Ukiah,US,2020-04-15 06:18:38,39.15,-123.21,57.99,50,1,2.33
482,Aksarka,RU,2020-04-15 06:25:03,66.56,67.8,33.39,98,100,8.43
483,Sola,VU,2020-04-15 06:26:10,-13.88,167.55,80.94,80,100,15.77
484,Szegvar,HU,2020-04-15 06:26:10,46.59,20.22,45.0,69,0,4.7
485,Estelle,US,2020-04-15 06:21:32,29.85,-90.11,64.4,59,75,13.87
486,Sao Filipe,CV,2020-04-15 06:26:10,14.9,-24.5,71.53,77,89,12.68
487,Grand-Lahou,CI,2020-04-15 06:26:10,5.14,-5.02,81.21,84,47,7.61
488,Tome,CL,2020-04-15 06:26:10,-36.62,-72.95,51.8,87,98,3.36
489,Khorinsk,RU,2020-04-15 06:26:10,52.17,109.77,50.63,39,100,6.67
490,Kindu,CD,2020-04-15 06:26:10,-2.95,25.95,75.42,75,99,2.42
491,San Quintin,MX,2020-04-15 06:26:11,30.48,-115.95,60.87,79,0,8.52
492,Vung Tau,VN,2020-04-15 06:26:11,10.35,107.08,86.54,63,3,16.04
493,Dalvik,IS,2020-04-15 06:26:11,65.97,-18.53,37.4,69,90,19.46
494,Mirnyy,RU,2020-04-15 06:26:11,62.54,113.96,39.2,60,100,8.95
495,Samarai,PG,2020-04-15 06:26:11,-10.62,150.67,83.93,77,4,10.65
496,Puerto Cabezas,NI,2020-04-15 06:26:11,14.04,-83.39,75.76,85,1,5.86
497,Bathsheba,BB,2020-04-15 06:18:33,13.22,-59.52,78.8,74,40,16.11
498,Koshurnikovo,RU,2020-04-15 06:26:11,54.17,93.3,53.69,49,80,2.53
499,Vila Velha,BR,2020-04-15 06:18:45,-20.33,-40.29,73.0,94,40,4.7
500,Kahului,US,2020-04-15 06:18:26,20.89,-156.47,73.4,88,1,4.7
501,Walvis Bay,NA,2020-04-15 06:18:34,-22.96,14.51,57.0,100,0,5.82
502,Vila Do Maio,CV,2020-04-15 06:18:26,15.13,-23.22,69.8,73,83,13.87
503,Istmina,CO,2020-04-15 06:26:11,5.16,-76.68,73.67,91,94,0.78
504,Mosetse,BW,2020-04-15 06:26:11,-20.75,26.65,73.33,36,42,8.77
505,Huarmey,PE,2020-04-15 06:26:11,-10.07,-78.15,73.51,75,4,5.86
506,Wuwei,CN,2020-04-15 06:26:12,37.93,102.64,73.4,11,31,16.96
507,Luangwa,ZM,2020-04-15 06:26:12,-15.62,30.42,79.84,55,16,2.3
508,Xichang,CN,2020-04-15 06:15:44,27.9,102.26,75.0,35,0,5.77
509,Sturgeon Bay,US,2020-04-15 06:26:12,44.83,-87.38,26.6,53,1,6.93
510,Hamilton,US,2020-04-15 06:13:24,39.18,-84.53,33.8,86,1,4.68
511,Hualmay,PE,2020-04-15 06:18:31,-11.1,-77.61,71.15,77,11,6.73
512,Eravur,LK,2020-04-15 06:26:12,7.77,81.61,91.02,55,26,5.19
513,Puerto Escondido,MX,2020-04-15 06:18:31,15.85,-97.07,77.9,71,100,3.8
514,Viedma,AR,2020-04-15 06:18:39,-40.81,-63.0,52.66,79,18,8.63
515,Seoul,KR,2020-04-15 06:25:06,37.57,126.98,71.6,24,1,3.36
516,San Jeronimo,PE,2020-04-15 06:18:35,-11.95,-75.28,47.66,25,55,1.9
517,Lima,PE,2020-04-15 06:25:24,-12.04,-77.03,71.6,78,75,9.17
518,Mehamn,NO,2020-04-15 06:18:35,71.04,27.85,34.9,87,90,9.48
519,Yerbogachen,RU,2020-04-15 06:26:12,61.28,108.01,47.32,62,41,6.08
520,Merauke,ID,2020-04-15 06:25:06,-8.47,140.33,85.17,75,40,10.78
521,Kununurra,AU,2020-04-15 06:26:12,-15.77,128.73,96.8,23,40,10.29
522,Filadelfia,US,2020-04-15 06:26:12,39.95,-75.16,46.0,70,90,9.17
523,Mwinilunga,ZM,2020-04-15 06:18:49,-11.74,24.43,65.64,63,92,2.51
524,Agdas,AZ,2020-04-15 06:26:12,40.65,47.48,55.4,66,0,2.24
525,Mandera,KE,2020-04-15 06:26:13,3.94,41.87,79.0,13,100,3.0
526,Pangnirtung,CA,2020-04-15 06:18:17,66.15,-65.71,9.7,83,92,7.83
527,Guarapari,BR,2020-04-15 06:26:13,-20.67,-40.5,73.0,94,40,4.7
528,Dandong,CN,2020-04-15 06:26:13,40.13,124.39,64.76,32,63,11.3
529,Barinas,VE,2020-04-15 06:26:13,8.62,-70.21,79.11,45,34,3.33
530,Klaksvik,FO,2020-04-15 06:18:19,62.23,-6.59,46.4,93,93,19.46
531,Westport,US,2020-04-15 06:22:38,41.14,-73.36,50.0,61,40,8.05
532,Kaysville,US,2020-04-15 06:26:13,41.04,-111.94,48.2,20,90,10.29
533,Mount Isa,AU,2020-04-15 06:26:13,-20.73,139.5,95.0,23,75,5.82
534,Newport,GB,2020-04-15 06:26:13,51.59,-3.0,41.0,80,56,8.05
535,Neutraubling,DE,2020-04-15 06:26:14,48.98,12.2,34.0,68,1,1.99
536,Barcelos,PT,2020-04-15 06:26:14,41.54,-8.62,55.4,87,40,8.05
537,Bowen,AU,2020-04-15 06:26:14,-20.02,148.23,81.0,74,75,18.34
538,Campbell River,CA,2020-04-15 06:23:11,50.02,-125.24,55.4,71,20,11.41
539,Sheltozero,RU,2020-04-15 06:26:14,61.37,35.37,35.15,84,13,7.25
540,Boende,CD,2020-04-15 06:26:14,-0.22,20.87,76.35,83,98,1.95
541,Manyana,BW,2020-04-15 06:26:14,-23.4,21.72,60.58,20,0,6.08
542,Staryy Saltiv,UA,2020-04-15 06:25:58,50.08,36.79,33.8,65,75,11.18
543,U Thong,TH,2020-04-15 06:26:14,14.38,99.89,100.0,36,77,6.13
544,Solenzo,BF,2020-04-15 06:26:14,12.18,-4.08,80.69,43,56,15.05
545,Miranda,CO,2020-04-15 06:26:14,3.25,-76.23,69.8,88,75,2.24
546,Nexo,DK,2020-04-15 06:22:24,55.06,15.13,44.6,81,100,24.16
547,Talaya,RU,2020-04-15 06:26:15,61.38,152.75,18.55,86,100,5.84
548,Kungalv,SE,2020-04-15 06:26:15,57.87,11.98,46.99,87,75,12.75
549,Ayan,RU,2020-04-15 06:26:15,56.45,138.17,36.07,77,0,6.38
550,Sant,RO,2020-04-15 06:26:15,47.45,24.9,33.6,65,0,2.82
551,Homer,US,2020-04-15 06:26:15,59.64,-151.55,39.99,86,1,0.96
552,Springville,US,2020-04-15 06:21:39,40.17,-111.61,46.99,35,90,3.36
553,Yazykovo,RU,2020-04-15 06:26:15,55.22,56.14,42.58,78,93,10.85
554,Jiuquan,CN,2020-04-15 06:26:15,39.74,98.52,66.61,19,35,7.36
555,Jutai,BR,2020-04-15 06:26:16,-5.18,-68.9,73.47,94,100,1.54
556,Praya,CV,2020-04-15 06:26:16,14.92,-23.51,69.8,73,82,11.41
557,Oistins,BB,2020-04-15 06:26:16,13.07,-59.53,78.8,74,40,16.11
558,Bima,ID,2020-04-15 06:26:16,-8.47,118.72,86.72,72,61,0.31
559,Roald,NO,2020-04-15 06:21:56,62.58,6.13,41.0,93,75,12.75
560,Molango,MX,2020-04-15 06:26:16,20.78,-98.72,58.53,65,98,5.12
561,Alofi,NU,2020-04-15 06:15:10,-19.06,-169.92,77.0,83,95,3.36
562,Akyab,MM,2020-04-15 06:26:16,20.15,92.9,88.45,50,0,10.89
563,Ngara,TZ,2020-04-15 06:22:16,-2.51,30.66,61.52,61,100,0.38
564,Umea,SE,2020-04-15 06:21:29,63.83,20.26,35.6,77,91,12.75
565,Manta,EC,2020-04-15 06:26:16,-0.95,-80.73,77.0,83,75,1.12
566,Nago,JP,2020-04-15 06:26:17,26.59,127.98,69.8,56,90,9.17
567,North Bend,US,2020-04-15 06:24:40,43.41,-124.22,51.01,100,90,6.93
568,Mildura,AU,2020-04-15 06:26:17,-34.2,142.15,84.2,16,99,10.29
569,Laguna,US,2020-04-15 06:17:52,38.42,-121.42,64.0,50,1,3.36
570,Kudahuvadhoo,MV,2020-04-15 06:25:37,2.67,72.89,84.45,68,49,4.16
571,Harper,LR,2020-04-15 06:26:17,4.38,-7.72,79.48,84,51,2.59
572,Sobolevo,RU,2020-04-15 06:26:17,54.43,31.9,34.25,80,100,15.75
573,Seguin,US,2020-04-15 06:26:17,29.57,-97.96,53.01,66,1,9.17
574,Babu,CN,2020-04-15 06:26:17,24.42,111.52,79.7,42,38,1.7
575,Strezhevoy,RU,2020-04-15 06:26:17,60.73,77.59,46.4,42,100,8.95
576,Hambantota,LK,2020-04-15 06:26:18,6.12,81.12,85.91,66,60,4.56
577,Grand Gaube,MU,2020-04-15 06:18:40,-20.01,57.66,80.6,83,75,17.22
578,Cavalcante,BR,2020-04-15 06:26:18,-13.8,-47.46,68.77,71,100,0.87
579,Svetlyy,RU,2020-04-15 06:26:18,54.67,20.13,41.0,93,90,20.13
580,Eyl,SO,2020-04-15 06:18:44,7.98,49.82,85.39,65,85,7.65
581,Betioky,MG,2020-04-15 06:26:18,-23.72,44.38,83.82,41,3,8.3
582,Fare,PF,2020-04-15 06:26:18,-16.7,-151.02,84.04,66,21,6.44
583,Ziro,IN,2020-04-15 06:26:18,27.63,93.83,95.0,41,20,1.12
584,San Patricio,MX,2020-04-15 06:18:43,19.22,-104.7,71.2,67,72,4.07
585,Alta Floresta,BR,2020-04-15 06:18:44,-9.88,-56.09,70.65,91,100,3.18
586,Tiznit,MA,2020-04-15 06:25:43,29.58,-9.5,55.04,53,0,2.06
587,Yellandu,IN,2020-04-15 06:26:18,17.6,80.33,98.33,24,0,9.19
588,Xifeng,CN,2020-04-15 06:26:18,42.74,124.72,67.84,23,99,0.43
589,Port Lincoln,AU,2020-04-15 06:18:12,-34.73,135.87,77.92,30,100,18.37
590,Puerto Leguizamo,CO,2020-04-15 06:18:46,-0.19,-74.78,75.29,70,22,2.53
591,Gasa,PS,2020-04-15 06:18:02,31.5,34.47,68.0,77,0,4.7
592,Bullhead City,US,2020-04-15 06:26:18,35.15,-114.57,64.4,31,1,6.93
593,Maldonado,UY,2020-04-15 06:21:26,-34.67,-54.92,62.01,89,100,18.01
594,Christchurch,NZ,2020-04-15 06:13:26,-43.53,172.63,51.01,61,36,2.24
595,Maceio,BR,2020-04-15 06:26:19,-9.67,-35.74,73.4,88,40,3.36
596,Isangel,VU,2020-04-15 06:18:49,-19.55,169.27,80.33,78,100,8.79
597,Hope,US,2020-04-15 06:26:19,33.67,-93.59,44.01,87,1,2.1
598,Khandyga,RU,2020-04-15 06:18:37,62.67,135.6,32.77,92,100,5.3
599,Rawson,AR,2020-04-15 06:18:22,-43.3,-65.1,58.59,71,82,18.34
600,Jalu,LY,2020-04-15 06:18:17,29.03,21.55,75.81,17,86,14.72
601,Berlevag,NO,2020-04-15 06:18:37,70.86,29.09,32.0,83,75,24.16
602,Zarubino,RU,2020-04-15 06:26:19,42.63,131.09,45.48,56,0,10.54
603,Maumere,ID,2020-04-15 06:26:19,-8.62,122.21,83.44,76,26,1.52
604,Road Town,VG,2020-04-15 06:18:50,18.42,-64.62,79.0,78,1,8.05
605,Rundu,NA,2020-04-15 06:26:10,-17.93,19.77,66.2,93,5,1.12
606,Kavaratti,IN,2020-04-15 06:18:22,10.57,72.64,89.6,62,20,3.0
607,Coos Bay,US,2020-04-15 06:26:19,43.37,-124.22,51.01,100,90,6.93
608,Nishihara,JP,2020-04-15 06:18:32,26.18,127.76,69.8,56,75,8.05
609,Chapleau,CA,2020-04-15 06:26:19,47.84,-83.4,14.95,92,76,4.09
